"rep","col"
"Jewels",NA
"Western-Symphony",NA
"The-Unanswered-Question-from-Ivesiana",NA
"Tarantella",NA
"Stars-and-Stripes",NA
"Serenade",NA
"Orpheus",NA
"Theme-and-Variations",NA
"Apollo",NA
"La-Sonnambula",NA
"Tschaikovsky-Piano-Concerto-No-2",NA
"Concerto-Barocco",NA
"Symphony-in-C",NA
"Who-Cares?-excerpts",NA
"Glass-Pieces",NA
"Bourree-Fantasque",NA
"Agon",NA
"Slaughter-on-Tenth-Avenue",NA
"Prodigal-Son",NA
"The-Steadfast-Tin-Soldier",NA
"errante-formerly-titled-tzigane",NA
"Rubies",NA
"new-j-peck",NA
"In-Creases",NA
"Underneath-There-is-Light",NA
"Pictures-at-an-Exhibition",NA
"Play-Time",NA
"Red-Angels",NA
"Law-of-Mosaics",NA
"this-bitter-earth",NA
"Herman-Schmerman-Pas-de-Deux",NA
"Love-Letter-on-shuffle",NA
"A-Midsummer-Nights-Dream",NA
"Dances-at-a-Gathering",NA
"Brahms-Schoenberg-Quartet",NA
"Interplay",NA
"Other-Dances",NA
"Gustave-le-Gray-No-1",NA
"Year-of-the-Rabbit",NA
"scenes-de-ballet-wheeldon",NA
"Pulcinella-Variations",NA
"Symphony-in-Three-Movements",NA
"Fancy-Free",NA
"In-the-Night",NA
"The-Four-Seasons",NA
"The-Four-Temperaments",NA
"Liebeslieder-Walzer",NA
"Copland-Dance-Episodes",NA
"Rotunda",NA
"Concerto-for-Two-Pianos",NA
"Odesa",NA
"Opus-19-The-Dreamer",NA
"New-Ratmansky",NA
"Polyphonia",NA
"Barber-Violin-Concerto",NA
"The-Times-Are-Racing",NA
"Ballo-della-Regina",NA
"In-a-Landscape",NA
"Hallelujah-Junction",NA
"the-concert-or-the-perils-of-everybody",NA
"Carnival-of-the-Animals",NA
"Tschaikovsky-Pas-de-Deux",NA
